xc_id,sci_name,common_name,recordist,country,date,time,length_s,quality,type,method,animal_seen,also,sampling_rate,xc_url,file_url,local_path
619407,Columba palumbus,Common Wood Pigeon,david m,United Kingdom,2021-01-31,08:14,25,A,wing beats,field recording,no,"[""Erithacus rubecula"", ""Passer montanus"", ""Sturnus vulgaris""]",48000,https://xeno-canto.org/619407,https://xeno-canto.org/619407/download,
878721,Columba palumbus,Common Wood Pigeon,Paul Kelly,Ireland,2024-02-24,08:00,16,A,"call, dawn song",field recording,no,"[""Fringilla coelebs"", ""Troglodytes troglodytes""]",44100,https://xeno-canto.org/878721,https://xeno-canto.org/878721/download,
1038252,Columba palumbus,Common Wood Pigeon,David Darrell-Lambert,United Kingdom,2008-03-29,09:00,14,A,song,field recording,yes,[],44100,https://xeno-canto.org/1038252,https://xeno-canto.org/1038252/download,
1038275,Columba palumbus,Common Wood Pigeon,David Darrell-Lambert,United Kingdom,2019-04-26,04:30,13,A,song,field recording,yes,[],48000,https://xeno-canto.org/1038275,https://xeno-canto.org/1038275/download,
1038281,Columba palumbus,Common Wood Pigeon,David Darrell-Lambert,United Kingdom,2023-05-09,20:30,7,A,wingbeats,field recording,yes,[],48000,https://xeno-canto.org/1038281,https://xeno-canto.org/1038281/download,
1038282,Columba palumbus,Common Wood Pigeon,David Darrell-Lambert,United Kingdom,2023-06-13,20:30,4,A,wingbeats,field recording,yes,[],48000,https://xeno-canto.org/1038282,https://xeno-canto.org/1038282/download,
1038273,Columba palumbus,Common Wood Pigeon,David Darrell-Lambert,United Kingdom,2018-07-11,10:00,9,A,song,field recording,yes,[],48000,https://xeno-canto.org/1038273,https://xeno-canto.org/1038273/download,
1038261,Columba palumbus,Common Wood Pigeon,David Darrell-Lambert,United Kingdom,2015-08-11,12:00,35,A,song,field recording,yes,[],44100,https://xeno-canto.org/1038261,https://xeno-canto.org/1038261/download,
1038269,Columba palumbus,Common Wood Pigeon,David Darrell-Lambert,United Kingdom,2017-09-02,16:00,8,A,song,field recording,yes,[],48000,https://xeno-canto.org/1038269,https://xeno-canto.org/1038269/download,
943113,Columba palumbus,Common Wood Pigeon,Sonothèque ADVL,France,2024-10-24,11:00,7,B,wingbeats,field recording,yes,[],48000,https://xeno-canto.org/943113,https://xeno-canto.org/943113/download,
626358,Columba palumbus,Common Wood Pigeon,Samuel Levy,United Kingdom,2020-11-30,05:00,43,B,song,field recording,no,"[""Erithacus rubecula""]",44100,https://xeno-canto.org/626358,https://xeno-canto.org/626358/download,
1069390,Columba palumbus,Common Wood Pigeon,Francesco Sottile,Italy,2025-12-23,08:36,15,A,song,field recording,yes,"[""Passer italiae""]",44100,https://xeno-canto.org/1069390,https://xeno-canto.org/1069390/download,
619211,Columba palumbus,Common Wood Pigeon,david m,United Kingdom,2021-01-30,08:22,27,A,wing beats,field recording,no,"[""Corvus corone"", ""Coloeus monedula""]",48000,https://xeno-canto.org/619211,https://xeno-canto.org/619211/download,
631299,Columba palumbus,Common Wood Pigeon,Kristian Whittaker,United Kingdom,2021-02-26,23:26,15,A,"call, song",field recording,no,[],44100,https://xeno-canto.org/631299,https://xeno-canto.org/631299/download,
891899,Columba palumbus,Common Wood Pigeon,Agris Celmins,United Kingdom,2024-03-30,08:36,38,A,call,field recording,no,"[""Erithacus rubecula"", ""Pica pica"", ""Carduelis carduelis"", ""Dendrocopos major""]",44100,https://xeno-canto.org/891899,https://xeno-canto.org/891899/download,
1038274,Columba palumbus,Common Wood Pigeon,David Darrell-Lambert,United Kingdom,2019-04-14,09:00,12,A,song,field recording,yes,[],48000,https://xeno-canto.org/1038274,https://xeno-canto.org/1038274/download,
1038280,Columba palumbus,Common Wood Pigeon,David Darrell-Lambert,United Kingdom,2020-05-16,08:00,3,A,wingbeats,field recording,yes,[],48000,https://xeno-canto.org/1038280,https://xeno-canto.org/1038280/download,
1038279,Columba palumbus,Common Wood Pigeon,David Darrell-Lambert,United Kingdom,2023-06-13,20:30,6,A,song,field recording,yes,[],48000,https://xeno-canto.org/1038279,https://xeno-canto.org/1038279/download,
1038272,Columba palumbus,Common Wood Pigeon,David Darrell-Lambert,United Kingdom,2018-07-11,10:00,9,A,song,field recording,yes,[],48000,https://xeno-canto.org/1038272,https://xeno-canto.org/1038272/download,
1038255,Columba palumbus,Common Wood Pigeon,David Darrell-Lambert,United Kingdom,2012-08-04,08:30,10,A,song,field recording,yes,[],96000,https://xeno-canto.org/1038255,https://xeno-canto.org/1038255/download,
1038262,Columba palumbus,Common Wood Pigeon,David Darrell-Lambert,United Kingdom,2015-09-07,08:00,11,A,song,field recording,yes,[],44100,https://xeno-canto.org/1038262,https://xeno-canto.org/1038262/download,
626347,Columba palumbus,Common Wood Pigeon,Samuel Levy,United Kingdom,2020-11-28,02:15,10,B,song,field recording,no,[],44100,https://xeno-canto.org/626347,https://xeno-canto.org/626347/download,
1069385,Columba palumbus,Common Wood Pigeon,Francesco Sottile,Italy,2025-12-23,08:31,16,A,song,field recording,yes,"[""Sylvia atricapilla"", ""Serinus serinus""]",44100,https://xeno-canto.org/1069385,https://xeno-canto.org/1069385/download,
862283,Columba palumbus,Common Wood Pigeon,Andrew Harrop,United Kingdom,2024-01-17,14:00,8,B,song,field recording,yes,[],44100,https://xeno-canto.org/862283,https://xeno-canto.org/862283/download,
626965,Columba palumbus,Common Wood Pigeon,Irish Wildlife Sounds,Ireland,2021-02-27,09:00,57,A,song,field recording,no,[],44100,https://xeno-canto.org/626965,https://xeno-canto.org/626965/download,
890388,Columba palumbus,Common Wood Pigeon,Mark Plummer,United Kingdom,2024-03-26,08:54,9,A,song,field recording,no,"[""Turdus philomelos"", ""Phylloscopus collybita""]",22050,https://xeno-canto.org/890388,https://xeno-canto.org/890388/download,
1038270,Columba palumbus,Common Wood Pigeon,David Darrell-Lambert,United Kingdom,2018-04-22,08:30,15,A,song,field recording,yes,[],48000,https://xeno-canto.org/1038270,https://xeno-canto.org/1038270/download,
1038277,Columba palumbus,Common Wood Pigeon,David Darrell-Lambert,United Kingdom,2020-05-12,08:00,8,A,song,field recording,yes,[],48000,https://xeno-canto.org/1038277,https://xeno-canto.org/1038277/download,
1038267,Columba palumbus,Common Wood Pigeon,David Darrell-Lambert,United Kingdom,2017-06-09,05:00,13,A,song,field recording,yes,[],48000,https://xeno-canto.org/1038267,https://xeno-canto.org/1038267/download,
1038260,Columba palumbus,Common Wood Pigeon,David Darrell-Lambert,United Kingdom,2015-07-16,10:00,4,A,song,field recording,yes,[],44100,https://xeno-canto.org/1038260,https://xeno-canto.org/1038260/download,
1038254,Columba palumbus,Common Wood Pigeon,David Darrell-Lambert,United Kingdom,2012-08-04,08:30,41,A,song,field recording,yes,[],96000,https://xeno-canto.org/1038254,https://xeno-canto.org/1038254/download,
673237,Columba palumbus,Common Wood Pigeon,Simon Elliott,United Kingdom,2021-09-05,06:00,13,A,"call, feeding call",field recording,yes,[],44100,https://xeno-canto.org/673237,https://xeno-canto.org/673237/download,
1059048,Columba palumbus,Common Wood Pigeon,Paul Kelly,Portugal,2025-11-13,17:00,11,A,song,field recording,no,"[""Columba palumbus""]",24000,https://xeno-canto.org/1059048,https://xeno-canto.org/1059048/download,
1065526,Columba palumbus,Common Wood Pigeon,Filippo Ceccolini,Italy,2025-12-18,15:09,9,A,song,field recording,no,"[""Erithacus rubecula""]",48000,https://xeno-canto.org/1065526,https://xeno-canto.org/1065526/download,
613346,Columba palumbus,Common Wood Pigeon,Mr Mark Shorten,Ireland,2021-01-06,09:00,10,B,song,field recording,unknown,[],48000,https://xeno-canto.org/613346,https://xeno-canto.org/613346/download,
623912,Columba palumbus,Common Wood Pigeon,Irish Wildlife Sounds,Ireland,2021-02-21,9:00,18,A,song,field recording,no,[],44100,https://xeno-canto.org/623912,https://xeno-canto.org/623912/download,
710830,Columba palumbus,Common Wood Pigeon,Fiona Morton,United Kingdom,2022-03-24,06:05,11,A,song,field recording,no,"[""Cyanistes caeruleus"", ""Coloeus monedula"", ""Corvus frugilegus"", ""Passer domesticus""]",44100,https://xeno-canto.org/710830,https://xeno-canto.org/710830/download,
1038263,Columba palumbus,Common Wood Pigeon,David Darrell-Lambert,United Kingdom,2016-04-10,06:30,35,A,song,field recording,yes,[],48000,https://xeno-canto.org/1038263,https://xeno-canto.org/1038263/download,
1038276,Columba palumbus,Common Wood Pigeon,David Darrell-Lambert,United Kingdom,2020-05-11,11:00,11,A,song,field recording,yes,[],48000,https://xeno-canto.org/1038276,https://xeno-canto.org/1038276/download,
1038259,Columba palumbus,Common Wood Pigeon,David Darrell-Lambert,United Kingdom,2015-06-04,09:30,43,A,song,field recording,yes,[],44100,https://xeno-canto.org/1038259,https://xeno-canto.org/1038259/download,
1031288,Columba palumbus,Common Wood Pigeon,Meena Haribal,United Kingdom,2025-07-10,10:30,19,A,alarm call,field recording,yes,[],44100,https://xeno-canto.org/1031288,https://xeno-canto.org/1031288/download,
1038249,Columba palumbus,Common Wood Pigeon,David Darrell-Lambert,United Kingdom,2021-08-01,10:30,14,A,song,field recording,yes,[],48000,https://xeno-canto.org/1038249,https://xeno-canto.org/1038249/download,
673236,Columba palumbus,Common Wood Pigeon,Simon Elliott,United Kingdom,2021-09-03,06:00,13,A,"begging call, hatchling or nestling",field recording,yes,[],48000,https://xeno-canto.org/673236,https://xeno-canto.org/673236/download,
1056684,Columba palumbus,Common Wood Pigeon,Paul Kelly,Portugal,2025-11-11,21:30,52,B,"song, Rain.",field recording,no,[],24000,https://xeno-canto.org/1056684,https://xeno-canto.org/1056684/download,
1069391,Columba palumbus,Common Wood Pigeon,Francesco Sottile,Italy,2025-12-23,08:37,31,B,song,field recording,yes,[],44100,https://xeno-canto.org/1069391,https://xeno-canto.org/1069391/download,
858676,Columba palumbus,Common Wood Pigeon,Manuel Grosselet,France,2024-01-01,09:22,27,A,song,field recording,yes,"[""Fringilla coelebs"", ""Corvus corone"", ""Streptopelia decaocto""]",44100,https://xeno-canto.org/858676,https://xeno-canto.org/858676/download,
94615,Columba palumbus,Common Wood Pigeon,Frank Lambert,United Kingdom,2010-02-10,08:45,34,A,song,field recording,unknown,[],48000,https://xeno-canto.org/94615,https://xeno-canto.org/94615/download,
1038225,Columba palumbus,Common Wood Pigeon,David Darrell-Lambert,United Kingdom,2012-03-14,13:30,12,B,song,field recording,yes,[],96000,https://xeno-canto.org/1038225,https://xeno-canto.org/1038225/download,
988173,Columba palumbus,Common Wood Pigeon,Paul Kelly,Ireland,2025-04-10,19:00,53,A,song,field recording,no,"[""Troglodytes troglodytes"", ""Linaria cannabina""]",44100,https://xeno-canto.org/988173,https://xeno-canto.org/988173/download,
1038271,Columba palumbus,Common Wood Pigeon,David Darrell-Lambert,United Kingdom,2018-05-11,06:00,47,A,song,field recording,yes,[],48000,https://xeno-canto.org/1038271,https://xeno-canto.org/1038271/download,
1038258,Columba palumbus,Common Wood Pigeon,David Darrell-Lambert,United Kingdom,2013-06-09,03:30,10,A,song,field recording,yes,[],96000,https://xeno-canto.org/1038258,https://xeno-canto.org/1038258/download,
1017122,Columba palumbus,Common Wood Pigeon,Paul Kelly,Ireland,2025-07-11,05:30,7,A,,field recording,no,[],44100,https://xeno-canto.org/1017122,https://xeno-canto.org/1017122/download,
1031674,Columba palumbus,Common Wood Pigeon,Mark Plummer,United Kingdom,2025-08-22,13:44,14,A,song,field recording,no,[],32000,https://xeno-canto.org/1031674,https://xeno-canto.org/1031674/download,
1054201,Columba palumbus,Common Wood Pigeon,Colm Philpott,Ireland,2025-09-01,14:30,11,B,song,field recording,no,[],44100,https://xeno-canto.org/1054201,https://xeno-canto.org/1054201/download,
1056099,Columba palumbus,Common Wood Pigeon,Paul Kelly,Portugal,2025-11-09,17:00,29,B,song,field recording,no,[],24000,https://xeno-canto.org/1056099,https://xeno-canto.org/1056099/download,
1069388,Columba palumbus,Common Wood Pigeon,Francesco Sottile,Italy,2025-12-23,08:33,32,B,song,field recording,yes,"[""Passer italiae""]",44100,https://xeno-canto.org/1069388,https://xeno-canto.org/1069388/download,
783395,Columba palumbus,Common Wood Pigeon,Jorge Leitão,Netherlands,2023-01-28,07:40,16,A,call,field recording,yes,[],44100,https://xeno-canto.org/783395,https://xeno-canto.org/783395/download,
94613,Columba palumbus,Common Wood Pigeon,Frank Lambert,United Kingdom,2010-02-10,08:40,23,A,song,field recording,unknown,[],48000,https://xeno-canto.org/94613,https://xeno-canto.org/94613/download,
1038224,Columba palumbus,Common Wood Pigeon,David Darrell-Lambert,United Kingdom,2012-03-14,13:30,8,B,song,field recording,yes,[],96000,https://xeno-canto.org/1038224,https://xeno-canto.org/1038224/download,
802185,Columba palumbus,Common Wood Pigeon,Catherine Clover,United Kingdom,2023-04-29,07:30,43,A,"song, subsong",field recording,no,"[""Parus major"", ""Troglodytes troglodytes""]",48000,https://xeno-canto.org/802185,https://xeno-canto.org/802185/download,
1038266,Columba palumbus,Common Wood Pigeon,David Darrell-Lambert,United Kingdom,2017-05-23,07:00,7,A,song,field recording,yes,[],48000,https://xeno-canto.org/1038266,https://xeno-canto.org/1038266/download,
1038257,Columba palumbus,Common Wood Pigeon,David Darrell-Lambert,United Kingdom,2013-06-09,03:30,9,A,song,field recording,yes,[],96000,https://xeno-canto.org/1038257,https://xeno-canto.org/1038257/download,
1016828,Columba palumbus,Common Wood Pigeon,Paul Kelly,Ireland,2025-07-09,04:30,46,A,song,field recording,no,"[""Acrocephalus schoenobaenus"", ""Anthus pratensis"", ""Chroicocephalus ridibundus""]",44100,https://xeno-canto.org/1016828,https://xeno-canto.org/1016828/download,
943059,Columba palumbus,Common Wood Pigeon,Arjun Dutta,United Kingdom,2024-08-17,07:00,15,A,song,field recording,no,[],44100,https://xeno-canto.org/943059,https://xeno-canto.org/943059/download,
735239,Columba palumbus,Common Wood Pigeon,Paul Howden-Leach,United Kingdom,2021-09-21,08:30,16,B,call,field recording,unknown,[],44100,https://xeno-canto.org/735239,https://xeno-canto.org/735239/download,
441779,Columba palumbus,Common Wood Pigeon,W. Agster,Germany,2018-11-09,15:00,5,B,wing sound,field recording,yes,[],48000,https://xeno-canto.org/441779,https://xeno-canto.org/441779/download,
1069386,Columba palumbus,Common Wood Pigeon,Francesco Sottile,Italy,2025-12-23,08:32,14,B,song,field recording,yes,"[""Pica pica"", ""Passer italiae""]",44100,https://xeno-canto.org/1069386,https://xeno-canto.org/1069386/download,
776855,Columba palumbus,Common Wood Pigeon,Stanislas Wroza,France,2023-01-21,08:00,2,B,"call, flight call, wing clapping, wingbeats",field recording,yes,[],48000,https://xeno-canto.org/776855,https://xeno-canto.org/776855/download,
1018736,Columba palumbus,Common Wood Pigeon,SonoNatura,Spain,2025-02-26,10:00,15,A,song,field recording,no,[],44100,https://xeno-canto.org/1018736,https://xeno-canto.org/1018736/download,
982972,Columba palumbus,Common Wood Pigeon,Mark Plummer,United Kingdom,2025-03-09,07:02,10,B,song,field recording,no,"[""Corvus corone"", ""Erithacus rubecula""]",48000,https://xeno-canto.org/982972,https://xeno-canto.org/982972/download,
778248,Columba palumbus,Common Wood Pigeon,Paul Driver,United Kingdom,2013-04-06,07:40,18,A,song,field recording,yes,[],44100,https://xeno-canto.org/778248,https://xeno-canto.org/778248/download,
1038265,Columba palumbus,Common Wood Pigeon,David Darrell-Lambert,United Kingdom,2016-05-25,05:30,27,A,song,field recording,yes,[],48000,https://xeno-canto.org/1038265,https://xeno-canto.org/1038265/download,
984968,Columba palumbus,Common Wood Pigeon,Oscar Campbell,United Kingdom,2024-06-28,06:30,53,A,song,field recording,yes,[],44100,https://xeno-canto.org/984968,https://xeno-canto.org/984968/download,
1016519,Columba palumbus,Common Wood Pigeon,Paul Kelly,Ireland,2025-07-08,05:00,14,A,song,field recording,no,"[""Ardea cinerea"", ""Anthus pratensis""]",44100,https://xeno-canto.org/1016519,https://xeno-canto.org/1016519/download,
927932,Columba palumbus,Common Wood Pigeon,Arjun Dutta,United Kingdom,2024-08-17,06:00,15,A,song,field recording,no,[],44100,https://xeno-canto.org/927932,https://xeno-canto.org/927932/download,
1034866,Columba palumbus,Common Wood Pigeon,Johannes Worona,Germany,2025-09-01,08:35,23,A,"aberrant, wing beating",field recording,no,[],44100,https://xeno-canto.org/1034866,https://xeno-canto.org/1034866/download,
858298,Columba palumbus,Common Wood Pigeon,Manuel Grosselet,France,2023-12-28,08:58,13,B,song,field recording,yes,[],44100,https://xeno-canto.org/858298,https://xeno-canto.org/858298/download,
698337,Columba palumbus,Common Wood Pigeon,Allistair Fresse,France,2022-01-23,09:00,10,B,song,field recording,no,"[""Passer domesticus""]",44100,https://xeno-canto.org/698337,https://xeno-canto.org/698337/download,
976834,Columba palumbus,Common Wood Pigeon,SonoNatura,Spain,2025-02-26,18:00,58,A,"song, flapping wings",field recording,no,[],44100,https://xeno-canto.org/976834,https://xeno-canto.org/976834/download,
982971,Columba palumbus,Common Wood Pigeon,Mark Plummer,United Kingdom,2025-03-09,07:02,13,B,song,field recording,no,"[""Coloeus monedula"", ""Erithacus rubecula"", ""Pica pica"", ""Anas platyrhynchos""]",48000,https://xeno-canto.org/982971,https://xeno-canto.org/982971/download,
735637,Columba palumbus,Common Wood Pigeon,Irish Wildlife Sounds,Ireland,2022-04-19,07:30,12,A,wing-claps,field recording,no,[],44100,https://xeno-canto.org/735637,https://xeno-canto.org/735637/download,
1038264,Columba palumbus,Common Wood Pigeon,David Darrell-Lambert,United Kingdom,2016-05-13,06:00,7,A,song,field recording,yes,[],48000,https://xeno-canto.org/1038264,https://xeno-canto.org/1038264/download,
599690,Columba palumbus,Common Wood Pigeon,Simon Elliott,United Kingdom,2000-06-09,11:00,42,A,"alarm call, bill snap, hatchling or nestling, hiss, wing flap",field recording,yes,"[""Fringilla coelebs"", ""Troglodytes troglodytes""]",44100,https://xeno-canto.org/599690,https://xeno-canto.org/599690/download,
1016518,Columba palumbus,Common Wood Pigeon,Paul Kelly,Ireland,2025-07-08,05:00,23,A,song,field recording,no,"[""Anthus pratensis""]",44100,https://xeno-canto.org/1016518,https://xeno-canto.org/1016518/download,
798194,Columba palumbus,Common Wood Pigeon,Grzegorz Lorek,United Kingdom,2022-08-01,14:30,12,A,song,field recording,yes,[],48000,https://xeno-canto.org/798194,https://xeno-canto.org/798194/download,
590890,Columba palumbus,Common Wood Pigeon,Jarek Matusiak,Poland,2020-09-20,18:30,6,A,"alarm call, flight call, wings",field recording,unknown,[],48000,https://xeno-canto.org/590890,https://xeno-canto.org/590890/download,
858297,Columba palumbus,Common Wood Pigeon,Manuel Grosselet,France,2023-12-28,09:00,22,B,song,field recording,yes,[],44100,https://xeno-canto.org/858297,https://xeno-canto.org/858297/download,
697865,Columba palumbus,Common Wood Pigeon,Cureau Hervé,France,2022-01-19,09:00,13,B,song,field recording,no,"[""Dendrocopos major""]",48000,https://xeno-canto.org/697865,https://xeno-canto.org/697865/download,
782526,Columba palumbus,Common Wood Pigeon,Bernard BOUSQUET,France,2023-02-13,08:30,54,A,song,field recording,yes,[],44100,https://xeno-canto.org/782526,https://xeno-canto.org/782526/download,
979386,Columba palumbus,Common Wood Pigeon,Mark Plummer,United Kingdom,2025-03-01,09:51,8,B,"call, song",field recording,no,"[""Cyanistes caeruleus"", ""Erithacus rubecula""]",48000,https://xeno-canto.org/979386,https://xeno-canto.org/979386/download,
716333,Columba palumbus,Common Wood Pigeon,Guy Kirwan,United Kingdom,2021-04-02,09:30,38,A,call,field recording,yes,[],44100,https://xeno-canto.org/716333,https://xeno-canto.org/716333/download,
905407,Columba palumbus,Common Wood Pigeon,Paul Kelly,Ireland,2024-05-16,21:00,15,A,"song, Sheep.",field recording,no,"[""Anthus pratensis""]",44100,https://xeno-canto.org/905407,https://xeno-canto.org/905407/download,
183442,Columba palumbus,Common Wood Pigeon,Marc Anderson,United Kingdom,2014-06-23,07:00,11,A,song,field recording,no,[],44100,https://xeno-canto.org/183442,https://xeno-canto.org/183442/download,
922787,Columba palumbus,Common Wood Pigeon,Paul Kelly,Ireland,2024-07-16,05:00,15,A,dawn song,field recording,no,[],44100,https://xeno-canto.org/922787,https://xeno-canto.org/922787/download,
742189,Columba palumbus,Common Wood Pigeon,Craig Brookes,United Kingdom,2020-08-07,06:30,41,A,song,field recording,no,"[""Regulus regulus"", ""Larus fuscus"", ""Troglodytes troglodytes"", ""Delichon urbicum""]",44100,https://xeno-canto.org/742189,https://xeno-canto.org/742189/download,
590885,Columba palumbus,Common Wood Pigeon,Jarek Matusiak,Poland,2020-09-20,18:30,6,A,"alarm call, flight call, wings",field recording,unknown,[],48000,https://xeno-canto.org/590885,https://xeno-canto.org/590885/download,
858296,Columba palumbus,Common Wood Pigeon,Manuel Grosselet,France,2023-12-28,09:14,7,B,song,field recording,yes,[],44100,https://xeno-canto.org/858296,https://xeno-canto.org/858296/download,
614215,Columba palumbus,Common Wood Pigeon,Stanislas Wroza,France,2021-01-10,08:00,38,B,song,field recording,yes,[],48000,https://xeno-canto.org/614215,https://xeno-canto.org/614215/download,
781832,Columba palumbus,Common Wood Pigeon,Frank A. Roos,Netherlands,2023-02-21,11:42,49,A,"song, parus major",field recording,yes,[],44100,https://xeno-canto.org/781832,https://xeno-canto.org/781832/download,
884875,Columba palumbus,Common Wood Pigeon,Paul Driver,United Kingdom,2024-03-18,06:36,48,B,song,field recording,yes,[],48000,https://xeno-canto.org/884875,https://xeno-canto.org/884875/download,
716295,Columba palumbus,Common Wood Pigeon,Guy Kirwan,United Kingdom,2020-04-09,15:30,51,A,song,field recording,yes,[],44100,https://xeno-canto.org/716295,https://xeno-canto.org/716295/download,
905406,Columba palumbus,Common Wood Pigeon,Paul Kelly,Ireland,2024-05-16,21:00,17,A,"song, Sheep.",field recording,no,"[""Anthus pratensis""]",44100,https://xeno-canto.org/905406,https://xeno-canto.org/905406/download,
183441,Columba palumbus,Common Wood Pigeon,Marc Anderson,United Kingdom,2014-06-23,07:00,19,A,song,field recording,no,"[""Erithacus rubecula"", ""Delichon urbicum""]",44100,https://xeno-canto.org/183441,https://xeno-canto.org/183441/download,
922786,Columba palumbus,Common Wood Pigeon,Paul Kelly,Ireland,2024-07-16,05:00,12,A,dawn song,field recording,no,[],44100,https://xeno-canto.org/922786,https://xeno-canto.org/922786/download,
584011,Columba palumbus,Common Wood Pigeon,Fiona Morton,United Kingdom,2020-08-22,06:15,12,A,song,field recording,no,"[""Pica pica""]",44100,https://xeno-canto.org/584011,https://xeno-canto.org/584011/download,
590880,Columba palumbus,Common Wood Pigeon,Jarek Matusiak,Poland,2020-09-20,18:30,10,A,subsong,field recording,unknown,[],32000,https://xeno-canto.org/590880,https://xeno-canto.org/590880/download,
610587,Columba palumbus,Common Wood Pigeon,brickegickel,Germany,2020-12-25,08:00,23,B,song,field recording,no,[],44100,https://xeno-canto.org/610587,https://xeno-canto.org/610587/download,
780936,Columba palumbus,Common Wood Pigeon,Jorge Leitão,Netherlands,2023-02-12,08:04,33,A,"call, flight call, wings in flight",field recording,yes,[],44100,https://xeno-canto.org/780936,https://xeno-canto.org/780936/download,
630302,Columba palumbus,Common Wood Pigeon,Andrew Cobley,United Kingdom,2021-03-19,21:14,9,B,uncertain,field recording,no,[],44100,https://xeno-canto.org/630302,https://xeno-canto.org/630302/download,
550864,Columba palumbus,Common Wood Pigeon,Michael John O Mahony,Ireland,2020-04-26,06:30,10,A,song,field recording,no,"[""Sylvia atricapilla"", ""Phylloscopus collybita"", ""Sturnus vulgaris"", ""Passer domesticus""]",44100,https://xeno-canto.org/550864,https://xeno-canto.org/550864/download,
905405,Columba palumbus,Common Wood Pigeon,Paul Kelly,Ireland,2024-05-16,21:00,31,A,"subsong, Sheep.",field recording,no,"[""Troglodytes troglodytes""]",44100,https://xeno-canto.org/905405,https://xeno-canto.org/905405/download,
917940,Columba palumbus,Common Wood Pigeon,Paul Kelly,Ireland,2024-06-25,06:00,4,B,dawn song,field recording,no,"[""Alauda arvensis""]",44100,https://xeno-canto.org/917940,https://xeno-canto.org/917940/download,
820072,Columba palumbus,Common Wood Pigeon,Paul Kelly,Ireland,2023-07-27,06:00,12,A,"call, song",field recording,no,[],44100,https://xeno-canto.org/820072,https://xeno-canto.org/820072/download,
59770,Columba palumbus,Common Wood Pigeon,Frank Lambert,United Kingdom,2010-08-14,07:00,17,A,"song, wing flap and song",field recording,unknown,[],44100,https://xeno-canto.org/59770,https://xeno-canto.org/59770/download,
528315,Columba palumbus,Common Wood Pigeon,James Lidster,Netherlands,2017-09-03,06:45,13,A,song,field recording,no,[],44100,https://xeno-canto.org/528315,https://xeno-canto.org/528315/download,
780935,Columba palumbus,Common Wood Pigeon,Jorge Leitão,Netherlands,0223-02-12,08:24,12,A,call,field recording,yes,[],44100,https://xeno-canto.org/780935,https://xeno-canto.org/780935/download,
626998,Columba palumbus,Common Wood Pigeon,Andrew Cobley,United Kingdom,2021-03-05,22:15,10,B,uncertain,field recording,unknown,[],44100,https://xeno-canto.org/626998,https://xeno-canto.org/626998/download,
130994,Columba palumbus,Common Wood Pigeon,Ashley Fisher,United Kingdom,2013-04-20,06:02,13,A,song,field recording,no,"[""Larus argentatus"", ""Erithacus rubecula"", ""Troglodytes troglodytes""]",44100,https://xeno-canto.org/130994,https://xeno-canto.org/130994/download,
904100,Columba palumbus,Common Wood Pigeon,Paul Kelly,Ireland,2024-05-12,21:00,13,A,song,field recording,no,"[""Acrocephalus schoenobaenus"", ""Anthus pratensis""]",44100,https://xeno-canto.org/904100,https://xeno-canto.org/904100/download,
917933,Columba palumbus,Common Wood Pigeon,Paul Kelly,Ireland,2024-06-24,07:30,14,B,dawn song,field recording,no,"[""Alauda arvensis"", ""Anthus pratensis""]",44100,https://xeno-canto.org/917933,https://xeno-canto.org/917933/download,
488799,Columba palumbus,Common Wood Pigeon,Andrew Harrop,United Kingdom,2019-07-24,09:00,11,A,song,field recording,yes,[],44100,https://xeno-canto.org/488799,https://xeno-canto.org/488799/download,
1077556,Columba palumbus,Common Wood Pigeon,Colm Philpott,Ireland,2025-08-01,10:30,7,B,song,field recording,no,"[""Pica pica""]",44100,https://xeno-canto.org/1077556,https://xeno-canto.org/1077556/download,
500201,Columba palumbus,Common Wood Pigeon,Wolbert Hermus,Netherlands,2019-09-29,16:55,16,A,begging call,field recording,yes,[],44100,https://xeno-canto.org/500201,https://xeno-canto.org/500201/download,
780919,Columba palumbus,Common Wood Pigeon,Jorge Leitão,Netherlands,2023-02-11,08:15,15,A,"wings, fight between two males",field recording,yes,[],44100,https://xeno-canto.org/780919,https://xeno-canto.org/780919/download,
407713,Columba palumbus,Common Wood Pigeon,James Bradley,United Kingdom,2018-03-03,10:00,47,B,call,field recording,yes,[],44100,https://xeno-canto.org/407713,https://xeno-canto.org/407713/download,
130993,Columba palumbus,Common Wood Pigeon,Ashley Fisher,United Kingdom,2013-04-20,06:04,14,A,song,field recording,no,"[""Larus argentatus"", ""Troglodytes troglodytes""]",44100,https://xeno-canto.org/130993,https://xeno-canto.org/130993/download,
904099,Columba palumbus,Common Wood Pigeon,Paul Kelly,Ireland,2024-05-12,21:00,16,A,song,field recording,no,"[""Acrocephalus schoenobaenus"", ""Anthus pratensis""]",44100,https://xeno-canto.org/904099,https://xeno-canto.org/904099/download,
917931,Columba palumbus,Common Wood Pigeon,Paul Kelly,Ireland,2024-06-24,07:30,33,B,dawn song,field recording,no,"[""Acrocephalus schoenobaenus""]",44100,https://xeno-canto.org/917931,https://xeno-canto.org/917931/download,
1016347,Columba palumbus,Common Wood Pigeon,Colm Philpott,Ireland,2025-07-03,19:00,14,B,song,in the hand,no,[],44100,https://xeno-canto.org/1016347,https://xeno-canto.org/1016347/download,
1063190,Columba palumbus,Common Wood Pigeon,Colm Philpott,Ireland,2025-08-20,17:30,10,B,song,field recording,no,[],44100,https://xeno-canto.org/1063190,https://xeno-canto.org/1063190/download,
434462,Columba palumbus,Common Wood Pigeon,Nelson Conceição,Portugal,2018-09-16,19:11,6,A,"colisão com árvore, som do bater das asas. - collision with tree, sound of beati",field recording,yes,[],48000,https://xeno-canto.org/434462,https://xeno-canto.org/434462/download,
705328,Columba palumbus,Common Wood Pigeon,Jorge Leitão,Portugal,2022-02-28,16:59,18,A,call,field recording,yes,"[""Phylloscopus collybita""]",44100,https://xeno-canto.org/705328,https://xeno-canto.org/705328/download,
406828,Columba palumbus,Common Wood Pigeon,nick talbot,United Kingdom,2018-03-22,15:00,14,B,call,field recording,yes,[],44100,https://xeno-canto.org/406828,https://xeno-canto.org/406828/download,
898935,Columba palumbus,Common Wood Pigeon,Paul Kelly,Ireland,2024-04-28,07:00,19,B,song,field recording,no,"[""Turdus merula""]",44100,https://xeno-canto.org/898935,https://xeno-canto.org/898935/download,
904098,Columba palumbus,Common Wood Pigeon,Paul Kelly,Ireland,2024-05-12,21:00,12,A,song,field recording,no,"[""Acrocephalus schoenobaenus"", ""Anthus pratensis""]",44100,https://xeno-canto.org/904098,https://xeno-canto.org/904098/download,
917930,Columba palumbus,Common Wood Pigeon,Paul Kelly,Ireland,2024-06-24,07:30,13,B,dawn song,field recording,no,"[""Acrocephalus schoenobaenus""]",44100,https://xeno-canto.org/917930,https://xeno-canto.org/917930/download,
660561,Columba palumbus,Common Wood Pigeon,Andrew Harrop,United Kingdom,2021-07-02,07:30,10,B,song,field recording,yes,[],44100,https://xeno-canto.org/660561,https://xeno-canto.org/660561/download,
1052832,Columba palumbus,Common Wood Pigeon,Colm Philpott,Ireland,2025-08-22,17:00,29,B,song,field recording,no,[],44100,https://xeno-canto.org/1052832,https://xeno-canto.org/1052832/download,
1043484,Columba palumbus,Common Wood Pigeon,Adrien Mauss,France,2025-09-14,07:45,19,B,song,field recording,no,"[""Prunella modularis"", ""Parus major"", ""Erithacus rubecula""]",44100,https://xeno-canto.org/1043484,https://xeno-canto.org/1043484/download,
704520,Columba palumbus,Common Wood Pigeon,Susanne Kuijpers,Netherlands,2022-02-26,07:30,30,A,call,field recording,no,"[""Erithacus rubecula""]",44100,https://xeno-canto.org/704520,https://xeno-canto.org/704520/download,
193899,Columba palumbus,Common Wood Pigeon,Anthony McGeehan ,United Kingdom,2014-03-14,09:30,58,B,call,field recording,yes,[],44100,https://xeno-canto.org/193899,https://xeno-canto.org/193899/download,
797557,Columba palumbus,Common Wood Pigeon,Stuart Fisher,United Kingdom,2023-04-30,09:00,55,B,song,field recording,yes,"[""Cyanistes caeruleus"", ""Turdus merula"", ""Erithacus rubecula"", ""Passer domesticus""]",44100,https://xeno-canto.org/797557,https://xeno-canto.org/797557/download,
903264,Columba palumbus,Common Wood Pigeon,Paul Kelly,Ireland,2024-05-10,20:30,14,A,song,field recording,no,"[""Acrocephalus schoenobaenus"", ""Fulica atra""]",44100,https://xeno-canto.org/903264,https://xeno-canto.org/903264/download,
822470,Columba palumbus,Common Wood Pigeon,James Lambert,United Kingdom,2023-06-16,10:33,15,B,call,field recording,yes,"[""Troglodytes troglodytes""]",48000,https://xeno-canto.org/822470,https://xeno-canto.org/822470/download,
579936,Columba palumbus,Common Wood Pigeon,Andrew Harrop,United Kingdom,2020-07-29,15:00,23,B,call,field recording,yes,[],44100,https://xeno-canto.org/579936,https://xeno-canto.org/579936/download,
1052716,Columba palumbus,Common Wood Pigeon,Colm Philpott,Ireland,2025-08-26,17:30,5,B,song,field recording,no,[],44100,https://xeno-canto.org/1052716,https://xeno-canto.org/1052716/download,
955444,Columba palumbus,Common Wood Pigeon,Bregt Desmet,Belgium,2024-09-05,13:26,4,B,song,field recording,no,[],48000,https://xeno-canto.org/955444,https://xeno-canto.org/955444/download,
622417,Columba palumbus,Common Wood Pigeon,Paulo Alves,Portugal,2021-02-17,14:00,15,A,song,field recording,yes,"[""Cyanistes caeruleus""]",48000,https://xeno-canto.org/622417,https://xeno-canto.org/622417/download,
193878,Columba palumbus,Common Wood Pigeon,Anthony McGeehan ,United Kingdom,2014-03-14,09:30,12,B,call,field recording,yes,[],44100,https://xeno-canto.org/193878,https://xeno-canto.org/193878/download,
778247,Columba palumbus,Common Wood Pigeon,Paul Driver,United Kingdom,2013-04-06,07:30,19,B,"song, bow coo",field recording,yes,[],44100,https://xeno-canto.org/778247,https://xeno-canto.org/778247/download,
735638,Columba palumbus,Common Wood Pigeon,Irish Wildlife Sounds,Ireland,2022-05-24,07:30,7,A,wing-claps,field recording,no,[],44100,https://xeno-canto.org/735638,https://xeno-canto.org/735638/download,
193888,Columba palumbus,Common Wood Pigeon,Anthony McGeehan ,United Kingdom,2014-06-02,06:00,10,B,call,field recording,yes,"[""Turdus merula""]",44100,https://xeno-canto.org/193888,https://xeno-canto.org/193888/download,
208512,Columba palumbus,Common Wood Pigeon,Eetu Paljakka,United Kingdom,2014-07-09,11:41,14,B,"song, wing clap",field recording,yes,"[""Troglodytes troglodytes"", ""Certhia familiaris""]",44100,https://xeno-canto.org/208512,https://xeno-canto.org/208512/download,
668696,Columba palumbus,Common Wood Pigeon,John Sirrett,United Kingdom,2021-08-15,06:00,31,B,"begging call, call, song, anthropogenic, hatchling or nestling, wingbeats",field recording,no,[],48000,https://xeno-canto.org/668696,https://xeno-canto.org/668696/download,
918562,Columba palumbus,Common Wood Pigeon,Sonothèque ADVL,France,2023-09-05,12:00,6,B,wingbeats,field recording,unknown,[],44100,https://xeno-canto.org/918562,https://xeno-canto.org/918562/download,
538770,Columba palumbus,Common Wood Pigeon,Jose A. Neila Ballesteros,Spain,2020-02-16,09:25,19,A,song,field recording,no,"[""Columba palumbus"", ""Erithacus rubecula"", ""Sturnus unicolor"", ""Streptopelia decaocto"", ""Passer domesticus""]",44100,https://xeno-canto.org/538770,https://xeno-canto.org/538770/download,
37493,Columba palumbus,Common Wood Pigeon,David Farrow,United Kingdom,2007-03-12,?:?,54,B,song,field recording,unknown,[],44100,https://xeno-canto.org/37493,https://xeno-canto.org/37493/download,
714549,Columba palumbus,Common Wood Pigeon,Paul Kelly,Ireland,2022-04-10,08:00,14,B,song,field recording,no,"[""Turdus merula""]",48000,https://xeno-canto.org/714549,https://xeno-canto.org/714549/download,
721533,Columba palumbus,Common Wood Pigeon,Anthony McGeehan ,United Kingdom,2022-05-03,11:00,17,A,song,field recording,no,[],48000,https://xeno-canto.org/721533,https://xeno-canto.org/721533/download,
193757,Columba palumbus,Common Wood Pigeon,Anthony McGeehan ,United Kingdom,2014-06-16,05:30,59,B,call,field recording,yes,[],44100,https://xeno-canto.org/193757,https://xeno-canto.org/193757/download,
193889,Columba palumbus,Common Wood Pigeon,Anthony McGeehan ,United Kingdom,2014-07-06,07:00,12,B,wing clapping,field recording,yes,[],44100,https://xeno-canto.org/193889,https://xeno-canto.org/193889/download,
668694,Columba palumbus,Common Wood Pigeon,John Sirrett,United Kingdom,2021-08-13,06:30,36,B,"begging call, anthropogenic, hatchling or nestling",field recording,no,[],48000,https://xeno-canto.org/668694,https://xeno-canto.org/668694/download,
831811,Columba palumbus,Common Wood Pigeon,Esperanza Poveda,Spain,2022-09-20,?,52,B,song,in the hand,yes,[],44100,https://xeno-canto.org/831811,https://xeno-canto.org/831811/download,
460355,Columba palumbus,Common Wood Pigeon,Nelson Conceição,Portugal,2019-02-28,16:48,8,A,song,field recording,yes,"[""Lophophanes cristatus"", ""Certhia brachydactyla"", ""Phylloscopus collybita""]",48000,https://xeno-canto.org/460355,https://xeno-canto.org/460355/download,
30616,Columba palumbus,Common Wood Pigeon,Stuart Fisher,United Kingdom,2009-03-08,11:00,30,B,"call, song, made during song",field recording,unknown,"[""Sturnus vulgaris""]",44100,https://xeno-canto.org/30616,https://xeno-canto.org/30616/download,
714454,Columba palumbus,Common Wood Pigeon,Michał Jezierski,United Kingdom,2022-04-10,15:23,52,B,song,field recording,no,"[""Anser anser"", ""Phylloscopus collybita""]",48000,https://xeno-canto.org/714454,https://xeno-canto.org/714454/download,
245681,Columba palumbus,Common Wood Pigeon,David Bissett,United Kingdom,2015-05-10,07:00,31,A,wing clapping,field recording,yes,[],44100,https://xeno-canto.org/245681,https://xeno-canto.org/245681/download,
1011290,Columba palumbus,Common Wood Pigeon,Olivier SWIFT,France,2025-06-11,06:15,11,A,song,field recording,yes,"[""Fringilla coelebs""]",48000,https://xeno-canto.org/1011290,https://xeno-canto.org/1011290/download,
1016406,Columba palumbus,Common Wood Pigeon,Lionel FREDERIC,France,2025-07-13,08:00,16,A,song,field recording,no,"[""Phoenicurus ochruros""]",44100,https://xeno-canto.org/1016406,https://xeno-canto.org/1016406/download,
612857,Columba palumbus,Common Wood Pigeon,Chris Batty,United Kingdom,2018-08-31,06:15,14,B,wing beats,field recording,no,"[""Larus argentatus""]",22050,https://xeno-canto.org/612857,https://xeno-canto.org/612857/download,
831513,Columba palumbus,Common Wood Pigeon,Mats Rellmar,Portugal,2023-09-14,09:00,17,B,song,field recording,yes,[],44100,https://xeno-canto.org/831513,https://xeno-canto.org/831513/download,
169494,Columba palumbus,Common Wood Pigeon,Volker Arnold,Germany,2014-02-14,07:33,21,A,song,field recording,yes,"[""Coloeus monedula"", ""Troglodytes troglodytes"", ""Chloris chloris""]",44100,https://xeno-canto.org/169494,https://xeno-canto.org/169494/download,
982790,Columba palumbus,Common Wood Pigeon,Guillaume Bruneau,France,2025-03-24,06:00,18,A,alarm call,field recording,no,"[""Fringilla coelebs"", ""Turdus merula"", ""Larus argentatus"", ""Parus major"", ""Erithacus rubecula"", ""Phylloscopus collybita"", ""Chloris chloris"", ""Serinus serinus""]",44100,https://xeno-canto.org/982790,https://xeno-canto.org/982790/download,
640244,Columba palumbus,Common Wood Pigeon,Sean Morris,United Kingdom,2021-04-13,05:19,11,B,dawn song,field recording,no,"[""Gallinago gallinago""]",48000,https://xeno-canto.org/640244,https://xeno-canto.org/640244/download,
101939,Columba palumbus,Common Wood Pigeon,Richard Dunn,United Kingdom,2012-05-17,19:30,6,A,song,field recording,unknown,[],44100,https://xeno-canto.org/101939,https://xeno-canto.org/101939/download,
1007905,Columba palumbus,Common Wood Pigeon,Francesco Sottile,Italy,2025-06-20,05:53,12,A,song,field recording,yes,"[""Passer italiae""]",44100,https://xeno-canto.org/1007905,https://xeno-canto.org/1007905/download,
1011624,Columba palumbus,Common Wood Pigeon,Johannes Worona,Germany,2025-07-04,08:15,16,A,alarm call,field recording,no,[],44100,https://xeno-canto.org/1011624,https://xeno-canto.org/1011624/download,
581645,Columba palumbus,Common Wood Pigeon,Calum Mckellar,United Kingdom,2020-08-03,05:30,9,B,song,field recording,no,[],44100,https://xeno-canto.org/581645,https://xeno-canto.org/581645/download,
749651,Columba palumbus,Common Wood Pigeon,Peter Wijnsouw,Belgium,2022-09-04,07:00,10,B,song,field recording,unknown,"[""Coloeus monedula""]",44100,https://xeno-canto.org/749651,https://xeno-canto.org/749651/download,
121734,Columba palumbus,Common Wood Pigeon,Volker Arnold,Germany,2013-02-17,08:46,6,A,sound flying up,field recording,yes,"[""Coloeus monedula""]",44100,https://xeno-canto.org/121734,https://xeno-canto.org/121734/download,
883871,Columba palumbus,Common Wood Pigeon,Frantz Barrault,France,2024-03-17,07:30,12,A,song,field recording,no,"[""Coloeus monedula"", ""Troglodytes troglodytes""]",44100,https://xeno-canto.org/883871,https://xeno-canto.org/883871/download,
636241,Columba palumbus,Common Wood Pigeon,Sean Morris,United Kingdom,2021-04-02,05:23,9,B,dawn song,field recording,no,[],48000,https://xeno-canto.org/636241,https://xeno-canto.org/636241/download,
798372,Columba palumbus,Common Wood Pigeon,Sean Morris,United Kingdom,2023-05-04,04:24,41,B,dawn song,field recording,no,"[""Vanellus vanellus""]",48000,https://xeno-canto.org/798372,https://xeno-canto.org/798372/download,
1007439,Columba palumbus,Common Wood Pigeon,Stein Ø. Nilsen,Norway,2025-06-17,20:30,11,A,song,field recording,no,"[""Emberiza schoeniclus""]",48000,https://xeno-canto.org/1007439,https://xeno-canto.org/1007439/download,
920601,Columba palumbus,Common Wood Pigeon,Lars Edenius,Sweden,2024-07-13,05:00,25,A,wing flaps,field recording,no,[],48000,https://xeno-canto.org/920601,https://xeno-canto.org/920601/download,
842895,Columba palumbus,Common Wood Pigeon,FREDERIC Lionel,France,2023-08-08,08:00,32,A,song,field recording,no,"[""Pica pica"", ""Delichon urbicum""]",44100,https://xeno-canto.org/842895,https://xeno-canto.org/842895/download,
195270,Columba palumbus,Common Wood Pigeon,Frank Holzapfel,Germany,2014-09-01,?,27,B,song,field recording,no,[],44100,https://xeno-canto.org/195270,https://xeno-canto.org/195270/download,
121352,Columba palumbus,Common Wood Pigeon,Volker Arnold,Germany,2013-02-09,08:15,34,A,"call, song",field recording,no,"[""Coloeus monedula""]",44100,https://xeno-canto.org/121352,https://xeno-canto.org/121352/download,
881326,Columba palumbus,Common Wood Pigeon,Xavier Riera,Spain,2024-03-13,10:02,9,A,song,field recording,yes,[],44100,https://xeno-canto.org/881326,https://xeno-canto.org/881326/download,
362829,Columba palumbus,Common Wood Pigeon,GABRIEL LEITE,United Kingdom,2017-04-04,07:30,7,B,song,field recording,yes,[],48000,https://xeno-canto.org/362829,https://xeno-canto.org/362829/download,
612896,Columba palumbus,Common Wood Pigeon,Chris Batty,United Kingdom,2018-05-23,05:43,11,B,"song, wing beats",field recording,no,"[""Turdus merula""]",22050,https://xeno-canto.org/612896,https://xeno-canto.org/612896/download,
812328,Columba palumbus,Common Wood Pigeon,Carlos Pereira,Portugal,2023-06-19,20:38,21,A,song,field recording,no,"[""Fringilla coelebs"", ""Turdus merula""]",44100,https://xeno-canto.org/812328,https://xeno-canto.org/812328/download,
881195,Columba palumbus,Common Wood Pigeon,Anthony ROUX,France,2023-07-25,21:47,14,A,song,field recording,no,[],44100,https://xeno-canto.org/881195,https://xeno-canto.org/881195/download,
822287,Columba palumbus,Common Wood Pigeon,Rafael Costas,Spain,2023-08-07,09:45,8,A,song,field recording,no,[],44100,https://xeno-canto.org/822287,https://xeno-canto.org/822287/download,
939657,Columba palumbus,Common Wood Pigeon,Johannes Dag Mayer,Germany,2024-02-29,09:52,45,B,song,field recording,no,"[""Turdus merula"", ""Erithacus rubecula"", ""Troglodytes troglodytes""]",48000,https://xeno-canto.org/939657,https://xeno-canto.org/939657/download,
879701,Columba palumbus,Common Wood Pigeon,João Tomás,Spain,2024-03-06,10:45,11,A,song,field recording,yes,"[""Fringilla coelebs"", ""Erithacus rubecula"", ""Cisticola juncidis"", ""Chloris chloris""]",44100,https://xeno-canto.org/879701,https://xeno-canto.org/879701/download,
1039078,Columba palumbus,Common Wood Pigeon,Adam Gruszczyński,Poland,2025-04-30,05:30,8,A,song,field recording,no,[],48000,https://xeno-canto.org/1039078,https://xeno-canto.org/1039078/download,
612854,Columba palumbus,Common Wood Pigeon,Chris Batty,United Kingdom,2018-05-15,04:58,4,B,wing beats,field recording,no,"[""Turdus merula"", ""Larus argentatus""]",22050,https://xeno-canto.org/612854,https://xeno-canto.org/612854/download,
806438,Columba palumbus,Common Wood Pigeon,Francesco Barberini,Italy,2023-06-02,09:00,5,A,wingbeat,field recording,yes,"[""Parus major""]",44100,https://xeno-canto.org/806438,https://xeno-canto.org/806438/download,
814312,Columba palumbus,Common Wood Pigeon,Carlos Pereira,Portugal,2023-07-03,19:51,24,A,song,field recording,no,"[""Fringilla coelebs"", ""Passer domesticus""]",44100,https://xeno-canto.org/814312,https://xeno-canto.org/814312/download,
742088,Columba palumbus,Common Wood Pigeon,Jorge Leitão,Portugal,2022-08-08,19:07,11,A,call,field recording,yes,[],44100,https://xeno-canto.org/742088,https://xeno-canto.org/742088/download,
939656,Columba palumbus,Common Wood Pigeon,Johannes Dag Mayer,Germany,2024-02-28,07:19,38,B,song,field recording,no,"[""Turdus merula"", ""Parus major"", ""Emberiza citrinella""]",48000,https://xeno-canto.org/939656,https://xeno-canto.org/939656/download,
805781,Columba palumbus,Common Wood Pigeon,Joost van Bruggen,Netherlands,2023-03-19,07:06,35,A,song,field recording,no,"[""Cyanistes caeruleus"", ""Turdus philomelos"", ""Anser albifrons"", ""Streptopelia decaocto""]",48000,https://xeno-canto.org/805781,https://xeno-canto.org/805781/download,
1039075,Columba palumbus,Common Wood Pigeon,Adam Gruszczyński,Poland,2025-04-21,05:30,9,A,song,field recording,no,[],48000,https://xeno-canto.org/1039075,https://xeno-canto.org/1039075/download,
372363,Columba palumbus,Common Wood Pigeon,GABRIEL LEITE,Ireland,2017-05-27,08:00,35,B,song,field recording,yes,[],48000,https://xeno-canto.org/372363,https://xeno-canto.org/372363/download,
758217,Columba palumbus,Common Wood Pigeon,Joost van Bruggen,Netherlands,2022-06-11,06:37,47,A,song,field recording,no,[],48000,https://xeno-canto.org/758217,https://xeno-canto.org/758217/download,
814311,Columba palumbus,Common Wood Pigeon,Carlos Pereira,Portugal,2023-07-03,19:50,9,A,song,field recording,no,"[""Fringilla coelebs""]",44100,https://xeno-canto.org/814311,https://xeno-canto.org/814311/download,
668677,Columba palumbus,Common Wood Pigeon,Ireneusz Oleksik,Poland,2021-08-08,19:50,40,A,song,field recording,yes,"[""Oriolus oriolus"", ""Corvus corax""]",48000,https://xeno-canto.org/668677,https://xeno-canto.org/668677/download,
877750,Columba palumbus,Common Wood Pigeon,Ingemar Gard,Sweden,2024-02-24,09:30,13,B,song,field recording,yes,"[""Parus major""]",44100,https://xeno-canto.org/877750,https://xeno-canto.org/877750/download,
805780,Columba palumbus,Common Wood Pigeon,Joost van Bruggen,Netherlands,2023-03-12,06:58,34,A,song,field recording,no,"[""Fringilla coelebs"", ""Turdus philomelos"", ""Parus major"", ""Erithacus rubecula""]",48000,https://xeno-canto.org/805780,https://xeno-canto.org/805780/download,
1039072,Columba palumbus,Common Wood Pigeon,Adam Gruszczyński,Poland,2025-04-19,05:30,22,A,song,field recording,no,[],48000,https://xeno-canto.org/1039072,https://xeno-canto.org/1039072/download,
133952,Columba palumbus,Common Wood Pigeon,Mike Nelson,United Kingdom,2013-05-11,18:30,7,B,song,field recording,yes,[],44100,https://xeno-canto.org/133952,https://xeno-canto.org/133952/download,
734074,Columba palumbus,Common Wood Pigeon,Johannes Worona,Germany,2022-06-23,10:00,20,A,alarm call,field recording,yes,[],44100,https://xeno-canto.org/734074,https://xeno-canto.org/734074/download,
814310,Columba palumbus,Common Wood Pigeon,Carlos Pereira,Portugal,2023-07-03,19:49,15,A,song,field recording,no,"[""Fringilla coelebs""]",44100,https://xeno-canto.org/814310,https://xeno-canto.org/814310/download,
1045341,Columba palumbus,Common Wood Pigeon,Turid Nilsen,Norway,2025-08-15,04:02,11,B,song,field recording,no,[],24000,https://xeno-canto.org/1045341,https://xeno-canto.org/1045341/download,
456952,Columba palumbus,Common Wood Pigeon,brickegickel,Germany,2019-02-15,17:00,10,B,song,field recording,no,[],44100,https://xeno-canto.org/456952,https://xeno-canto.org/456952/download,
712671,Columba palumbus,Common Wood Pigeon,Marcin Urbański,Poland,2022-03-26,09:30,15,A,song,field recording,yes,[],48000,https://xeno-canto.org/712671,https://xeno-canto.org/712671/download,
902249,Columba palumbus,Common Wood Pigeon,Norbert Teufelbauer,Italy,2024-04-21,03:54,14,A,song,field recording,no,[],32000,https://xeno-canto.org/902249,https://xeno-canto.org/902249/download,
133951,Columba palumbus,Common Wood Pigeon,Mike Nelson,United Kingdom,2013-05-12,06:30,7,B,song,field recording,yes,"[""Larus argentatus""]",44100,https://xeno-canto.org/133951,https://xeno-canto.org/133951/download,
733752,Columba palumbus,Common Wood Pigeon,Johannes Worona,Germany,2022-06-22,08:30,28,A,alarm call,field recording,yes,[],44100,https://xeno-canto.org/733752,https://xeno-canto.org/733752/download,
758652,Columba palumbus,Common Wood Pigeon,Jacobo Ramil Millarengo,Spain,2022-07-10,09:30,15,A,song,field recording,yes,[],44100,https://xeno-canto.org/758652,https://xeno-canto.org/758652/download,
1027799,Columba palumbus,Common Wood Pigeon,Ulf Elman,Sweden,2025-08-10,07:11,23,B,song,field recording,yes,"[""Dryocopus martius"", ""Phasianus colchicus""]",44100,https://xeno-canto.org/1027799,https://xeno-canto.org/1027799/download,
394166,Columba palumbus,Common Wood Pigeon,Marco Dragonetti,Italy,2013-02-08,16:30,5,B,wing beats,field recording,yes,[],48000,https://xeno-canto.org/394166,https://xeno-canto.org/394166/download,
631222,Columba palumbus,Common Wood Pigeon,Susanne Kuijpers,Netherlands,2021-03-23,07:06,17,A,call,field recording,no,"[""Prunella modularis"", ""Passer domesticus""]",44100,https://xeno-canto.org/631222,https://xeno-canto.org/631222/download,
902244,Columba palumbus,Common Wood Pigeon,Norbert Teufelbauer,Italy,2024-04-21,01:20,13,A,song,field recording,no,[],32000,https://xeno-canto.org/902244,https://xeno-canto.org/902244/download,
133950,Columba palumbus,Common Wood Pigeon,Mike Nelson,United Kingdom,2013-05-11,18:30,14,B,song,field recording,yes,[],44100,https://xeno-canto.org/133950,https://xeno-canto.org/133950/download,
729380,Columba palumbus,Common Wood Pigeon,Leander Khil,Austria,2021-06-19,05:00,10,A,song,field recording,yes,"[""Passer domesticus""]",48000,https://xeno-canto.org/729380,https://xeno-canto.org/729380/download,
744882,Columba palumbus,Common Wood Pigeon,Oscar Campbell,Portugal,2022-07-27,07:30,23,A,song,field recording,no,"[""Sylvia atricapilla"", ""Passer domesticus""]",44100,https://xeno-canto.org/744882,https://xeno-canto.org/744882/download,
928704,Columba palumbus,Common Wood Pigeon,Johannes Worona,Germany,2024-08-20,10:57,19,B,"alarm call, Warning call",field recording,no,[],44100,https://xeno-canto.org/928704,https://xeno-canto.org/928704/download,
96468,Columba palumbus,Common Wood Pigeon,Matthias Feuersenger,Germany,2012-02-10,8:00,24,B,song,field recording,yes,[],44100,https://xeno-canto.org/96468,https://xeno-canto.org/96468/download,
629629,Columba palumbus,Common Wood Pigeon,Sven Kransel,Germany,2021-03-17,07:38,11,A,song,field recording,no,"[""Turdus philomelos""]",44100,https://xeno-canto.org/629629,https://xeno-canto.org/629629/download,
899743,Columba palumbus,Common Wood Pigeon,Carlos Pereira,Portugal,2024-04-28,19:30,8,A,song,field recording,no,"[""Fringilla coelebs"", ""Passer domesticus""]",44100,https://xeno-canto.org/899743,https://xeno-canto.org/899743/download,
133949,Columba palumbus,Common Wood Pigeon,Mike Nelson,United Kingdom,2013-05-10,07:00,7,B,song,field recording,yes,"[""Acrocephalus schoenobaenus""]",44100,https://xeno-canto.org/133949,https://xeno-canto.org/133949/download,
655097,Columba palumbus,Common Wood Pigeon,Albert Noorlander,Netherlands,2021-06-06,10:00,30,A,song,field recording,yes,[],44100,https://xeno-canto.org/655097,https://xeno-canto.org/655097/download,
740290,Columba palumbus,Common Wood Pigeon,Jorge Leitão,Portugal,2022-07-28,08:15,19,A,call,field recording,yes,"[""Sitta europaea"", ""Certhia brachydactyla"", ""Chloris chloris""]",44100,https://xeno-canto.org/740290,https://xeno-canto.org/740290/download,
925816,Columba palumbus,Common Wood Pigeon,Bram Piot,Belgium,2024-08-04,08:30,23,B,song,field recording,yes,"[""Turdus merula""]",44100,https://xeno-canto.org/925816,https://xeno-canto.org/925816/download,
590935,Columba palumbus,Common Wood Pigeon,Jarek Matusiak,Poland,2020-03-21,12:00,28,A,"alarm call, flight call, wings",field recording,unknown,[],48000,https://xeno-canto.org/590935,https://xeno-canto.org/590935/download,
796203,Columba palumbus,Common Wood Pigeon,Carlos Pereira,Portugal,2023-04-21,18:00,13,A,song,field recording,no,"[""Sylvia atricapilla"", ""Streptopelia decaocto""]",44100,https://xeno-canto.org/796203,https://xeno-canto.org/796203/download,
1075826,Columba palumbus,Common Wood Pigeon,Marc Anderson,Spain,2025-05-17,20:30,14,A,Flight noise,field recording,no,[],44100,https://xeno-canto.org/1075826,https://xeno-canto.org/1075826/download,
571303,Columba palumbus,Common Wood Pigeon,Olivier SWIFT,France,2020-06-03,19:03,12,A,song,field recording,no,[],48000,https://xeno-canto.org/571303,https://xeno-canto.org/571303/download,
665444,Columba palumbus,Common Wood Pigeon,Manceau Lionel,France,2021-07-26,06:30,38,A,song,field recording,unknown,[],48000,https://xeno-canto.org/665444,https://xeno-canto.org/665444/download,
838986,Columba palumbus,Common Wood Pigeon,Grégoire Chauvot,France,2023-08-19,06:30,56,B,,field recording,no,"[""Tringa ochropus"", ""Passer domesticus""]",48000,https://xeno-canto.org/838986,https://xeno-canto.org/838986/download,
590895,Columba palumbus,Common Wood Pigeon,Jarek Matusiak,Poland,2020-03-21,08:30,5,A,"flight call, song, wings",field recording,unknown,[],48000,https://xeno-canto.org/590895,https://xeno-canto.org/590895/download,
796202,Columba palumbus,Common Wood Pigeon,Carlos Pereira,Portugal,2023-04-21,17:58,10,A,song,field recording,no,"[""Sylvia atricapilla"", ""Streptopelia decaocto""]",44100,https://xeno-canto.org/796202,https://xeno-canto.org/796202/download,
1051910,Columba palumbus,Common Wood Pigeon,Lars Lachmann,Germany,2025-05-17,20:30,37,A,song,field recording,yes,"[""Turdus merula""]",48000,https://xeno-canto.org/1051910,https://xeno-canto.org/1051910/download,
571302,Columba palumbus,Common Wood Pigeon,Olivier SWIFT,France,2020-06-03,19:01,59,A,song,field recording,no,"[""Columba palumbus""]",48000,https://xeno-canto.org/571302,https://xeno-canto.org/571302/download,
665254,Columba palumbus,Common Wood Pigeon,Lars Edenius,Sweden,2021-07-23,20:00,19,A,"uncertain, wing beats",field recording,no,[],44100,https://xeno-canto.org/665254,https://xeno-canto.org/665254/download,
825808,Columba palumbus,Common Wood Pigeon,Ingemar Gard,Sweden,2023-08-29,10:30,39,B,call,field recording,no,"[""Parus major"", ""Erithacus rubecula""]",44100,https://xeno-canto.org/825808,https://xeno-canto.org/825808/download,
552810,Columba palumbus,Common Wood Pigeon,Ruud van Beusekom,Netherlands,2010-03-14,?,53,A,song,field recording,unknown,[],44100,https://xeno-canto.org/552810,https://xeno-canto.org/552810/download,
794177,Columba palumbus,Common Wood Pigeon,Carlos Pereira,Portugal,2023-04-18,08:45,17,A,song,field recording,no,"[""Fringilla coelebs"", ""Sylvia atricapilla"", ""Turdus merula"", ""Serinus canaria""]",44100,https://xeno-canto.org/794177,https://xeno-canto.org/794177/download,
